snapshot_utc,snapshot_date,event,id,web_name,team,position,now_cost,cost_change_event,cost_change_start,selected_by_percent,transfers_in_event,transfers_out_event,transfers_in,transfers_out
2026-07-28T03:50:13+00:00,2026-07-28,1,1,Raya,ARS,GKP,60,0,0,29.9,0,0,0,0
2026-07-28T03:50:13+00:00,2026-07-28,1,2,Arrizabalaga,ARS,GKP,50,0,0,0.2,0,0,0,0
2026-07-28T03:50:13+00:00,2026-07-28,1,3,Meslier,ARS,GKP,50,0,0,0.1,0,0,0,0
2026-07-28T03:50:13+00:00,2026-07-28,1,4,Gabriel,ARS,DEF,80,0,0,25.4,0,0,0,0
2026-07-28T03:50:13+00:00,2026-07-28,1,5,J.Timber,ARS,DEF,65,0,0,0.7,0,0,0,0
2026-07-28T03:50:13+00:00,2026-07-28,1,6,Saliba,ARS,DEF,60,0,0,0.5,0,0,0,0
2026-07-28T03:50:13+00:00,2026-07-28,1,7,Lewis-Skelly,ARS,MID,55,0,0,0.3,0,0,0,0
2026-07-28T03:50:13+00:00,2026-07-28,1,8,Calafiori,ARS,DEF,55,0,0,13.4,0,0,0,0
2026-07-28T03:50:13+00:00,2026-07-28,1,9,Hincapie,ARS,DEF,55,0,0,5.2,0,0,0,0
2026-07-28T03:50:13+00:00,2026-07-28,1,10,White,ARS,DEF,55,0,0,0.0,0,0,0,0
2026-07-28T03:50:13+00:00,2026-07-28,1,11,Mosquera,ARS,DEF,55,0,0,16.9,0,0,0,0
2026-07-28T03:50:13+00:00,2026-07-28,1,12,Saka,ARS,MID,95,0,0,10.8,0,0,0,0
2026-07-28T03:50:13+00:00,2026-07-28,1,13,Rice,ARS,MID,75,0,0,21.9,0,0,0,0
2026-07-28T03:50:13+00:00,2026-07-28,1,14,Eze,ARS,MID,65,0,0,3.3,0,0,0,0
2026-07-28T03:50:13+00:00,2026-07-28,1,15,Ødegaard,ARS,MID,65,0,0,2.9,0,0,0,0
2026-07-28T03:50:13+00:00,2026-07-28,1,16,Madueke,ARS,MID,65,0,0,0.4,0,0,0,0
2026-07-28T03:50:13+00:00,2026-07-28,1,17,Merino,ARS,MID,60,0,0,1.3,0,0,0,0
2026-07-28T03:50:13+00:00,2026-07-28,1,18,Martinelli,ARS,MID,65,0,0,0.3,0,0,0,0
2026-07-28T03:50:13+00:00,2026-07-28,1,19,Zubimendi,ARS,MID,55,0,0,1.4,0,0,0,0
2026-07-28T03:50:13+00:00,2026-07-28,1,20,Dowman,ARS,MID,55,0,0,0.2,0,0,0,0
2026-07-28T03:50:13+00:00,2026-07-28,1,21,Nørgaard,ARS,MID,50,0,0,0.1,0,0,0,0
2026-07-28T03:50:13+00:00,2026-07-28,1,22,Nwaneri,ARS,MID,55,0,0,0.0,0,0,0,0
2026-07-28T03:50:13+00:00,2026-07-28,1,23,Fábio Vieira,ARS,MID,55,0,0,0.0,0,0,0,0
2026-07-28T03:50:13+00:00,2026-07-28,1,24,Nelson,ARS,MID,55,0,0,0.0,0,0,0,0
2026-07-28T03:50:13+00:00,2026-07-28,1,25,Gyökeres,ARS,FWD,75,0,0,13.8,0,0,0,0
2026-07-28T03:50:13+00:00,2026-07-28,1,26,Havertz,ARS,FWD,75,0,0,4.3,0,0,0,0
2026-07-28T03:50:13+00:00,2026-07-28,1,27,G.Jesus,ARS,FWD,60,0,0,0.3,0,0,0,0
2026-07-28T03:50:13+00:00,2026-07-28,1,557,Tzolis,ARS,MID,65,0,0,1.1,0,0,0,0
2026-07-28T03:50:13+00:00,2026-07-28,1,28,Martinez,AVL,GKP,50,0,0,4.3,0,0,0,0
2026-07-28T03:50:13+00:00,2026-07-28,1,29,M.Bizot,AVL,GKP,45,0,0,0.1,0,0,0,0
2026-07-28T03:50:13+00:00,2026-07-28,1,30,Digne,AVL,DEF,45,0,0,1.4,0,0,0,0
2026-07-28T03:50:13+00:00,2026-07-28,1,31,Konsa,AVL,DEF,45,0,0,19.0,0,0,0,0
2026-07-28T03:50:13+00:00,2026-07-28,1,32,Cash,AVL,DEF,45,0,0,8.1,0,0,0,0
2026-07-28T03:50:13+00:00,2026-07-28,1,33,Mings,AVL,DEF,45,0,0,0.2,0,0,0,0
2026-07-28T03:50:13+00:00,2026-07-28,1,34,Pau,AVL,DEF,45,0,0,0.2,0,0,0,0
2026-07-28T03:50:13+00:00,2026-07-28,1,35,Bogarde,AVL,MID,50,0,0,0.1,0,0,0,0
2026-07-28T03:50:13+00:00,2026-07-28,1,36,Maatsen,AVL,DEF,45,0,0,0.6,0,0,0,0
2026-07-28T03:50:13+00:00,2026-07-28,1,37,Lindelöf,AVL,DEF,45,0,0,0.2,0,0,0,0
2026-07-28T03:50:13+00:00,2026-07-28,1,38,A.García,AVL,DEF,40,0,0,1.5,0,0,0,0
2026-07-28T03:50:13+00:00,2026-07-28,1,39,Nedeljkovic,AVL,DEF,40,0,0,0.4,0,0,0,0
2026-07-28T03:50:13+00:00,2026-07-28,1,41,Buendía,AVL,MID,60,0,0,0.8,0,0,0,0
2026-07-28T03:50:13+00:00,2026-07-28,1,42,Guessand,AVL,MID,55,0,0,0.0,0,0,0,0
2026-07-28T03:50:13+00:00,2026-07-28,1,44,Bailey,AVL,MID,55,0,0,0.1,0,0,0,0
2026-07-28T03:50:13+00:00,2026-07-28,1,45,McGinn,AVL,MID,55,0,0,2.8,0,0,0,0
2026-07-28T03:50:13+00:00,2026-07-28,1,46,Barkley,AVL,MID,50,0,0,0.2,0,0,0,0
2026-07-28T03:50:13+00:00,2026-07-28,1,47,Kamara,AVL,MID,50,0,0,0.1,0,0,0,0
2026-07-28T03:50:13+00:00,2026-07-28,1,48,Onana,AVL,MID,50,0,0,0.0,0,0,0,0
2026-07-28T03:50:13+00:00,2026-07-28,1,49,Iling Jr,AVL,MID,50,0,0,0.0,0,0,0,0
2026-07-28T03:50:13+00:00,2026-07-28,1,50,Burrowes,AVL,MID,45,0,0,1.1,0,0,0,0
2026-07-28T03:50:13+00:00,2026-07-28,1,51,George Hemmings,AVL,MID,45,0,0,0.2,0,0,0,0
2026-07-28T03:50:13+00:00,2026-07-28,1,52,Alysson,AVL,MID,50,0,0,0.0,0,0,0,0
2026-07-28T03:50:13+00:00,2026-07-28,1,53,Manzambi,AVL,MID,60,0,0,3.1,0,0,0,0
2026-07-28T03:50:13+00:00,2026-07-28,1,54,Gomes,AVL,MID,55,0,0,0.3,0,0,0,0
2026-07-28T03:50:13+00:00,2026-07-28,1,55,Watkins,AVL,FWD,80,0,0,12.3,0,0,0,0
2026-07-28T03:50:13+00:00,2026-07-28,1,56,Abraham,AVL,FWD,55,0,0,0.0,0,0,0,0
2026-07-28T03:50:13+00:00,2026-07-28,1,160,Garnacho,AVL,MID,60,0,0,1.1,0,0,0,0
2026-07-28T03:50:13+00:00,2026-07-28,1,57,Petrović,BOU,GKP,45,0,0,3.4,0,0,0,0
2026-07-28T03:50:13+00:00,2026-07-28,1,58,Forster,BOU,GKP,40,0,0,3.2,0,0,0,0
2026-07-28T03:50:13+00:00,2026-07-28,1,59,Dennis,BOU,GKP,40,0,0,0.2,0,0,0,0
2026-07-28T03:50:13+00:00,2026-07-28,1,60,Hill,BOU,DEF,55,0,0,1.4,0,0,0,0
2026-07-28T03:50:13+00:00,2026-07-28,1,61,Truffert,BOU,DEF,55,0,0,4.6,0,0,0,0
2026-07-28T03:50:13+00:00,2026-07-28,1,62,Diakité,BOU,DEF,50,0,0,0.2,0,0,0,0
2026-07-28T03:50:13+00:00,2026-07-28,1,63,Milosavljević,BOU,DEF,50,0,0,0.1,0,0,0,0
2026-07-28T03:50:13+00:00,2026-07-28,1,64,Smith,BOU,DEF,45,0,0,0.1,0,0,0,0
2026-07-28T03:50:13+00:00,2026-07-28,1,65,J.Araujo,BOU,DEF,45,0,0,0.1,0,0,0,0
2026-07-28T03:50:13+00:00,2026-07-28,1,66,Soler,BOU,DEF,40,0,0,0.6,0,0,0,0
2026-07-28T03:50:13+00:00,2026-07-28,1,67,Rayan,BOU,MID,65,0,0,3.5,0,0,0,0
2026-07-28T03:50:13+00:00,2026-07-28,1,68,Tavernier,BOU,MID,60,0,0,1.4,0,0,0,0
2026-07-28T03:50:13+00:00,2026-07-28,1,69,Scott,BOU,MID,60,0,0,1.6,0,0,0,0
2026-07-28T03:50:13+00:00,2026-07-28,1,70,Kluivert,BOU,MID,60,0,0,0.8,0,0,0,0
2026-07-28T03:50:13+00:00,2026-07-28,1,71,Cook,BOU,MID,50,0,0,0.1,0,0,0,0
2026-07-28T03:50:13+00:00,2026-07-28,1,72,Gannon-Doak,BOU,MID,50,0,0,0.2,0,0,0,0
2026-07-28T03:50:13+00:00,2026-07-28,1,73,Adams,BOU,MID,50,0,0,0.7,0,0,0,0
2026-07-28T03:50:13+00:00,2026-07-28,1,74,Brooks,BOU,MID,50,0,0,0.2,0,0,0,0
2026-07-28T03:50:13+00:00,2026-07-28,1,75,Christie,BOU,MID,50,0,0,0.1,0,0,0,0
2026-07-28T03:50:13+00:00,2026-07-28,1,76,Tóth.A,BOU,MID,50,0,0,0.0,0,0,0,0
2026-07-28T03:50:13+00:00,2026-07-28,1,77,Adli,BOU,MID,50,0,0,0.2,0,0,0,0
2026-07-28T03:50:13+00:00,2026-07-28,1,78,Kroupi.Jr,BOU,MID,75,0,0,13.3,0,0,0,0
2026-07-28T03:50:13+00:00,2026-07-28,1,79,Evanilson,BOU,FWD,60,0,0,1.9,0,0,0,0
2026-07-28T03:50:13+00:00,2026-07-28,1,80,Enes Ünal,BOU,FWD,55,0,0,0.2,0,0,0,0
2026-07-28T03:50:13+00:00,2026-07-28,1,81,Rodríguez,BOU,FWD,60,0,0,0.2,0,0,0,0
2026-07-28T03:50:13+00:00,2026-07-28,1,82,Kelleher,BRE,GKP,50,0,0,5.6,0,0,0,0
2026-07-28T03:50:13+00:00,2026-07-28,1,83,Valdimarsson,BRE,GKP,45,0,0,0.1,0,0,0,0
2026-07-28T03:50:13+00:00,2026-07-28,1,84,Collins,BRE,DEF,55,0,0,2.0,0,0,0,0
2026-07-28T03:50:13+00:00,2026-07-28,1,85,Van den Berg,BRE,DEF,50,0,0,0.7,0,0,0,0
2026-07-28T03:50:13+00:00,2026-07-28,1,86,Lewis-Potter,BRE,MID,55,0,0,0.6,0,0,0,0
2026-07-28T03:50:13+00:00,2026-07-28,1,87,Ajer,BRE,DEF,45,0,0,0.5,0,0,0,0
2026-07-28T03:50:13+00:00,2026-07-28,1,88,Kayode,BRE,DEF,45,0,0,4.9,0,0,0,0
2026-07-28T03:50:13+00:00,2026-07-28,1,89,Henry,BRE,DEF,45,0,0,0.2,0,0,0,0
2026-07-28T03:50:13+00:00,2026-07-28,1,90,Hickey,BRE,DEF,45,0,0,0.1,0,0,0,0
2026-07-28T03:50:13+00:00,2026-07-28,1,91,Pinnock,BRE,DEF,45,0,0,0.1,0,0,0,0
2026-07-28T03:50:13+00:00,2026-07-28,1,92,Ji-soo,BRE,DEF,45,0,0,0.0,0,0,0,0
2026-07-28T03:50:13+00:00,2026-07-28,1,93,Schuster,BRE,DEF,45,0,0,0.1,0,0,0,0
2026-07-28T03:50:13+00:00,2026-07-28,1,94,Schade,BRE,MID,60,0,0,2.2,0,0,0,0
2026-07-28T03:50:13+00:00,2026-07-28,1,95,O.Dango,BRE,MID,65,0,0,1.4,0,0,0,0
2026-07-28T03:50:13+00:00,2026-07-28,1,96,Damsgaard,BRE,MID,55,0,0,0.7,0,0,0,0
2026-07-28T03:50:13+00:00,2026-07-28,1,97,Jensen,BRE,MID,55,0,0,0.1,0,0,0,0
2026-07-28T03:50:13+00:00,2026-07-28,1,98,Janelt,BRE,MID,50,0,0,0.1,0,0,0,0
2026-07-28T03:50:13+00:00,2026-07-28,1,99,Milambo,BRE,MID,50,0,0,0.0,0,0,0,0
2026-07-28T03:50:13+00:00,2026-07-28,1,100,Carvalho,BRE,MID,50,0,0,0.0,0,0,0,0
2026-07-28T03:50:13+00:00,2026-07-28,1,101,Henderson,BRE,MID,50,0,0,0.0,0,0,0,0
2026-07-28T03:50:13+00:00,2026-07-28,1,102,Yarmoliuk,BRE,MID,50,0,0,1.4,0,0,0,0
2026-07-28T03:50:13+00:00,2026-07-28,1,103,Dasilva,BRE,MID,50,0,0,0.0,0,0,0,0
2026-07-28T03:50:13+00:00,2026-07-28,1,105,Anthony,BRE,MID,60,0,0,0.3,0,0,0,0
2026-07-28T03:50:13+00:00,2026-07-28,1,106,Thiago,BRE,FWD,80,0,0,16.5,0,0,0,0
2026-07-28T03:50:13+00:00,2026-07-28,1,107,Furo,BRE,FWD,45,0,0,0.9,0,0,0,0
2026-07-28T03:50:13+00:00,2026-07-28,1,108,Wilson,BRE,FWD,55,0,0,0.4,0,0,0,0
2026-07-28T03:50:13+00:00,2026-07-28,1,109,Verbruggen,BHA,GKP,45,0,0,16.9,0,0,0,0
2026-07-28T03:50:13+00:00,2026-07-28,1,110,Rushworth,BHA,GKP,45,0,0,0.3,0,0,0,0
2026-07-28T03:50:13+00:00,2026-07-28,1,111,Steele,BHA,GKP,40,0,0,5.3,0,0,0,0
2026-07-28T03:50:13+00:00,2026-07-28,1,113,F.Kadıoğlu,BHA,DEF,45,0,0,3.1,0,0,0,0
2026-07-28T03:50:13+00:00,2026-07-28,1,114,Boscagli,BHA,DEF,45,0,0,0.1,0,0,0,0
2026-07-28T03:50:13+00:00,2026-07-28,1,115,De Cuyper,BHA,DEF,45,0,0,1.8,0,0,0,0
2026-07-28T03:50:13+00:00,2026-07-28,1,116,Dunk,BHA,DEF,45,0,0,0.7,0,0,0,0
2026-07-28T03:50:13+00:00,2026-07-28,1,117,Coppola,BHA,DEF,45,0,0,0.0,0,0,0,0
2026-07-28T03:50:13+00:00,2026-07-28,1,118,Igor,BHA,DEF,45,0,0,0.1,0,0,0,0
2026-07-28T03:50:13+00:00,2026-07-28,1,119,Costinha,BHA,DEF,45,0,0,0.0,0,0,0,0
2026-07-28T03:50:13+00:00,2026-07-28,1,120,Svoboda,BHA,DEF,50,0,0,0.1,0,0,0,0
2026-07-28T03:50:13+00:00,2026-07-28,1,121,Mitoma,BHA,MID,60,0,0,0.4,0,0,0,0
2026-07-28T03:50:13+00:00,2026-07-28,1,122,Minteh,BHA,MID,60,0,0,0.7,0,0,0,0
2026-07-28T03:50:13+00:00,2026-07-28,1,123,Hinshelwood,BHA,MID,60,0,0,0.3,0,0,0,0
2026-07-28T03:50:13+00:00,2026-07-28,1,124,Groß,BHA,MID,55,0,0,2.1,0,0,0,0
2026-07-28T03:50:13+00:00,2026-07-28,1,125,Georginio,BHA,FWD,55,0,0,0.7,0,0,0,0
2026-07-28T03:50:13+00:00,2026-07-28,1,126,O'Riley,BHA,MID,55,0,0,0.1,0,0,0,0
2026-07-28T03:50:13+00:00,2026-07-28,1,127,Gomez,BHA,MID,50,0,0,2.0,0,0,0,0
2026-07-28T03:50:13+00:00,2026-07-28,1,128,Buonanotte,BHA,MID,50,0,0,0.1,0,0,0,0
2026-07-28T03:50:13+00:00,2026-07-28,1,129,Ayari,BHA,MID,55,0,0,0.6,0,0,0,0
2026-07-28T03:50:13+00:00,2026-07-28,1,130,Wieffer,BHA,DEF,50,0,0,0.3,0,0,0,0
2026-07-28T03:50:13+00:00,2026-07-28,1,131,Baleba,BHA,MID,50,0,0,0.6,0,0,0,0
2026-07-28T03:50:13+00:00,2026-07-28,1,132,Howell,BHA,MID,45,0,0,0.3,0,0,0,0
2026-07-28T03:50:13+00:00,2026-07-28,1,133,Watson,BHA,MID,50,0,0,0.0,0,0,0,0
2026-07-28T03:50:13+00:00,2026-07-28,1,134,Oriola,BHA,MID,45,0,0,0.2,0,0,0,0
2026-07-28T03:50:13+00:00,2026-07-28,1,135,Yohanna,BHA,MID,50,0,0,0.1,0,0,0,0
2026-07-28T03:50:13+00:00,2026-07-28,1,136,Welbeck,BHA,FWD,60,0,0,3.0,0,0,0,0
2026-07-28T03:50:13+00:00,2026-07-28,1,137,Tzimas,BHA,FWD,55,0,0,0.1,0,0,0,0
2026-07-28T03:50:13+00:00,2026-07-28,1,138,Kostoulas,BHA,FWD,55,0,0,0.3,0,0,0,0
2026-07-28T03:50:13+00:00,2026-07-28,1,139,Ferguson,BHA,FWD,50,0,0,0.0,0,0,0,0
2026-07-28T03:50:13+00:00,2026-07-28,1,328,Struijk,BHA,DEF,50,0,0,0.5,0,0,0,0
2026-07-28T03:50:13+00:00,2026-07-28,1,504,Vuskovic,BHA,DEF,50,0,0,2.6,0,0,0,0
2026-07-28T03:50:13+00:00,2026-07-28,1,40,Rogers,CHE,MID,75,0,0,33.7,0,0,0,0
2026-07-28T03:50:13+00:00,2026-07-28,1,140,Sánchez,CHE,GKP,50,0,0,2.0,0,0,0,0
2026-07-28T03:50:13+00:00,2026-07-28,1,141,Jörgensen,CHE,GKP,50,0,0,0.1,0,0,0,0
2026-07-28T03:50:13+00:00,2026-07-28,1,142,James,CHE,DEF,55,0,0,8.1,0,0,0,0
2026-07-28T03:50:13+00:00,2026-07-28,1,143,Chalobah,CHE,DEF,55,0,0,2.1,0,0,0,0
2026-07-28T03:50:13+00:00,2026-07-28,1,144,Gusto,CHE,DEF,50,0,0,1.2,0,0,0,0
2026-07-28T03:50:13+00:00,2026-07-28,1,145,Fofana,CHE,DEF,50,0,0,0.0,0,0,0,0
2026-07-28T03:50:13+00:00,2026-07-28,1,146,B.Badiashile,CHE,DEF,45,0,0,0.1,0,0,0,0
2026-07-28T03:50:13+00:00,2026-07-28,1,147,Tosin,CHE,DEF,45,0,0,0.1,0,0,0,0
2026-07-28T03:50:13+00:00,2026-07-28,1,148,Hato,CHE,DEF,45,0,0,1.6,0,0,0,0
2026-07-28T03:50:13+00:00,2026-07-28,1,149,Colwill,CHE,DEF,50,0,0,2.1,0,0,0,0
2026-07-28T03:50:13+00:00,2026-07-28,1,150,M.Sarr,CHE,DEF,45,0,0,0.1,0,0,0,0
2026-07-28T03:50:13+00:00,2026-07-28,1,151,Acheampong,CHE,DEF,45,0,0,0.2,0,0,0,0
2026-07-28T03:50:13+00:00,2026-07-28,1,152,Palestra,CHE,DEF,55,0,0,1.6,0,0,0,0
2026-07-28T03:50:13+00:00,2026-07-28,1,153,Disasi,CHE,DEF,45,0,0,0.1,0,0,0,0
2026-07-28T03:50:13+00:00,2026-07-28,1,154,Palmer,CHE,MID,95,0,0,13.2,0,0,0,0
2026-07-28T03:50:13+00:00,2026-07-28,1,155,Enzo,CHE,MID,70,0,0,5.1,0,0,0,0
2026-07-28T03:50:13+00:00,2026-07-28,1,156,Neto,CHE,MID,65,0,0,1.2,0,0,0,0
2026-07-28T03:50:13+00:00,2026-07-28,1,157,Estêvão,CHE,MID,65,0,0,1.4,0,0,0,0
2026-07-28T03:50:13+00:00,2026-07-28,1,158,Gittens,CHE,MID,60,0,0,0.1,0,0,0,0
2026-07-28T03:50:13+00:00,2026-07-28,1,159,Caicedo,CHE,MID,55,0,0,3.8,0,0,0,0
2026-07-28T03:50:13+00:00,2026-07-28,1,161,Lavia,CHE,MID,50,0,0,0.1,0,0,0,0
2026-07-28T03:50:13+00:00,2026-07-28,1,163,D.Essugo,CHE,MID,45,0,0,0.2,0,0,0,0
2026-07-28T03:50:13+00:00,2026-07-28,1,164,Quenda,CHE,MID,55,0,0,0.1,0,0,0,0
2026-07-28T03:50:13+00:00,2026-07-28,1,165,João Pedro,CHE,FWD,75,0,0,48.8,0,0,0,0
2026-07-28T03:50:13+00:00,2026-07-28,1,166,N.Jackson,CHE,FWD,65,0,0,0.4,0,0,0,0
2026-07-28T03:50:13+00:00,2026-07-28,1,167,Delap,CHE,FWD,55,0,0,0.5,0,0,0,0
2026-07-28T03:50:13+00:00,2026-07-28,1,168,Marc Guiu,CHE,FWD,50,0,0,0.5,0,0,0,0
2026-07-28T03:50:13+00:00,2026-07-28,1,169,Mheuka,CHE,FWD,45,0,0,0.4,0,0,0,0
2026-07-28T03:50:13+00:00,2026-07-28,1,170,Emegha,CHE,FWD,50,0,0,0.3,0,0,0,0
2026-07-28T03:50:13+00:00,2026-07-28,1,560,Penders,CHE,GKP,45,0,0,0.0,0,0,0,0
2026-07-28T03:50:13+00:00,2026-07-28,1,561,Anselmino,CHE,DEF,45,0,0,0.0,0,0,0,0
2026-07-28T03:50:13+00:00,2026-07-28,1,104,Onyeka,COV,MID,50,0,0,0.2,0,0,0,0
2026-07-28T03:50:13+00:00,2026-07-28,1,171,Dovin,COV,GKP,40,0,0,3.5,0,0,0,0
2026-07-28T03:50:13+00:00,2026-07-28,1,172,Wilson,COV,GKP,45,0,0,0.8,0,0,0,0
2026-07-28T03:50:13+00:00,2026-07-28,1,173,Thomas,COV,DEF,40,0,0,5.3,0,0,0,0
2026-07-28T03:50:13+00:00,2026-07-28,1,174,Kitching,COV,DEF,40,0,0,0.4,0,0,0,0
2026-07-28T03:50:13+00:00,2026-07-28,1,175,van Ewijk,COV,DEF,40,0,0,17.1,0,0,0,0
2026-07-28T03:50:13+00:00,2026-07-28,1,176,Dasilva,COV,DEF,40,0,0,0.5,0,0,0,0
2026-07-28T03:50:13+00:00,2026-07-28,1,177,Kesler-Hayden,COV,DEF,40,0,0,0.1,0,0,0,0
2026-07-28T03:50:13+00:00,2026-07-28,1,178,Bidwell,COV,DEF,40,0,0,0.1,0,0,0,0
2026-07-28T03:50:13+00:00,2026-07-28,1,179,Latibeaudiere,COV,DEF,40,0,0,0.1,0,0,0,0
2026-07-28T03:50:13+00:00,2026-07-28,1,180,Woolfenden,COV,DEF,40,0,0,0.3,0,0,0,0
2026-07-28T03:50:13+00:00,2026-07-28,1,181,Brau,COV,DEF,40,0,0,0.1,0,0,0,0
2026-07-28T03:50:13+00:00,2026-07-28,1,182,Amenda,COV,DEF,40,0,0,0.5,0,0,0,0
2026-07-28T03:50:13+00:00,2026-07-28,1,183,Rudoni,COV,MID,50,0,0,0.3,0,0,0,0
2026-07-28T03:50:13+00:00,2026-07-28,1,184,Grimes,COV,MID,50,0,0,0.2,0,0,0,0
2026-07-28T03:50:13+00:00,2026-07-28,1,185,Sakamoto,COV,MID,50,0,0,0.2,0,0,0,0
2026-07-28T03:50:13+00:00,2026-07-28,1,186,Mason-Clark,COV,MID,55,0,0,0.3,0,0,0,0
2026-07-28T03:50:13+00:00,2026-07-28,1,187,Eccles,COV,MID,50,0,0,0.1,0,0,0,0
2026-07-28T03:50:13+00:00,2026-07-28,1,188,Torp,COV,MID,55,0,0,0.2,0,0,0,0
2026-07-28T03:50:13+00:00,2026-07-28,1,189,Shepherd,COV,MID,45,0,0,0.3,0,0,0,0
2026-07-28T03:50:13+00:00,2026-07-28,1,190,Tchaouna,COV,MID,55,0,0,0.1,0,0,0,0
2026-07-28T03:50:13+00:00,2026-07-28,1,191,Borges Rodrigues,COV,MID,45,0,0,0.2,0,0,0,0
2026-07-28T03:50:13+00:00,2026-07-28,1,192,Andrews,COV,MID,45,0,0,0.7,0,0,0,0
2026-07-28T03:50:13+00:00,2026-07-28,1,193,Wright,COV,FWD,55,0,0,1.8,0,0,0,0
2026-07-28T03:50:13+00:00,2026-07-28,1,194,Thomas-Asante,COV,FWD,50,0,0,1.0,0,0,0,0
2026-07-28T03:50:13+00:00,2026-07-28,1,195,Simms,COV,FWD,50,0,0,0.7,0,0,0,0
2026-07-28T03:50:13+00:00,2026-07-28,1,196,Markelo,COV,FWD,50,0,0,0.1,0,0,0,0
2026-07-28T03:50:13+00:00,2026-07-28,1,197,Bassette,COV,FWD,45,0,0,1.7,0,0,0,0
2026-07-28T03:50:13+00:00,2026-07-28,1,198,Henderson,CRY,GKP,50,0,0,3.1,0,0,0,0
2026-07-28T03:50:13+00:00,2026-07-28,1,199,Benitez,CRY,GKP,45,0,0,0.1,0,0,0,0
2026-07-28T03:50:13+00:00,2026-07-28,1,200,Lacroix,CRY,DEF,60,0,0,12.1,0,0,0,0
2026-07-28T03:50:13+00:00,2026-07-28,1,201,Muñoz,CRY,DEF,55,0,0,12.4,0,0,0,0
2026-07-28T03:50:13+00:00,2026-07-28,1,202,Richards,CRY,DEF,50,0,0,0.8,0,0,0,0
2026-07-28T03:50:13+00:00,2026-07-28,1,203,Canvot,CRY,DEF,50,0,0,0.5,0,0,0,0
2026-07-28T03:50:13+00:00,2026-07-28,1,204,Mitchell,CRY,DEF,45,0,0,7.4,0,0,0,0
2026-07-28T03:50:13+00:00,2026-07-28,1,205,Sosa,CRY,DEF,45,0,0,0.0,0,0,0,0
2026-07-28T03:50:13+00:00,2026-07-28,1,206,Chadi Riad,CRY,DEF,45,0,0,0.1,0,0,0,0
2026-07-28T03:50:13+00:00,2026-07-28,1,207,Mingueza,CRY,DEF,45,0,0,0.1,0,0,0,0
2026-07-28T03:50:13+00:00,2026-07-28,1,208,Sarr,CRY,MID,65,0,0,11.4,0,0,0,0
2026-07-28T03:50:13+00:00,2026-07-28,1,209,Johnson,CRY,MID,60,0,0,0.2,0,0,0,0
2026-07-28T03:50:13+00:00,2026-07-28,1,210,Wharton,CRY,MID,55,0,0,0.2,0,0,0,0
2026-07-28T03:50:13+00:00,2026-07-28,1,211,Yeremy,CRY,MID,55,0,0,0.2,0,0,0,0
2026-07-28T03:50:13+00:00,2026-07-28,1,212,Hughes,CRY,MID,45,0,0,10.2,0,0,0,0
2026-07-28T03:50:13+00:00,2026-07-28,1,213,Lerma,CRY,MID,50,0,0,0.1,0,0,0,0
2026-07-28T03:50:13+00:00,2026-07-28,1,214,Kamada,CRY,MID,50,0,0,0.3,0,0,0,0
2026-07-28T03:50:13+00:00,2026-07-28,1,215,Devenny,CRY,MID,50,0,0,0.0,0,0,0,0
2026-07-28T03:50:13+00:00,2026-07-28,1,216,Esse,CRY,MID,50,0,0,0.1,0,0,0,0
2026-07-28T03:50:13+00:00,2026-07-28,1,217,M.França,CRY,MID,50,0,0,0.1,0,0,0,0
2026-07-28T03:50:13+00:00,2026-07-28,1,218,Doucouré,CRY,MID,50,0,0,0.1,0,0,0,0
2026-07-28T03:50:13+00:00,2026-07-28,1,219,J.Rak-Sakyi,CRY,MID,50,0,0,0.0,0,0,0,0
2026-07-28T03:50:13+00:00,2026-07-28,1,220,Cardines,CRY,DEF,45,0,0,0.0,0,0,0,0
2026-07-28T03:50:13+00:00,2026-07-28,1,221,Drakes-Thomas,CRY,MID,45,0,0,0.1,0,0,0,0
2026-07-28T03:50:13+00:00,2026-07-28,1,222,Strand Larsen,CRY,FWD,60,0,0,0.6,0,0,0,0
2026-07-28T03:50:13+00:00,2026-07-28,1,223,Mateta,CRY,FWD,65,0,0,7.6,0,0,0,0
2026-07-28T03:50:13+00:00,2026-07-28,1,224,Nketiah,CRY,FWD,55,0,0,0.5,0,0,0,0
2026-07-28T03:50:13+00:00,2026-07-28,1,225,Uche,CRY,FWD,50,0,0,0.0,0,0,0,0
2026-07-28T03:50:13+00:00,2026-07-28,1,555,Matthews,CRY,GKP,40,0,0,1.7,0,0,0,0
2026-07-28T03:50:13+00:00,2026-07-28,1,226,Pickford,EVE,GKP,55,0,0,9.0,0,0,0,0
2026-07-28T03:50:13+00:00,2026-07-28,1,227,Travers,EVE,GKP,50,0,0,0.1,0,0,0,0
2026-07-28T03:50:13+00:00,2026-07-28,1,228,King,EVE,GKP,45,0,0,0.1,0,0,0,0
2026-07-28T03:50:13+00:00,2026-07-28,1,229,Tarkowski,EVE,DEF,60,0,0,10.1,0,0,0,0
2026-07-28T03:50:13+00:00,2026-07-28,1,230,Branthwaite,EVE,DEF,55,0,0,2.0,0,0,0,0
2026-07-28T03:50:13+00:00,2026-07-28,1,231,Keane,EVE,DEF,50,0,0,1.5,0,0,0,0
2026-07-28T03:50:13+00:00,2026-07-28,1,232,O'Brien,EVE,DEF,50,0,0,0.5,0,0,0,0
2026-07-28T03:50:13+00:00,2026-07-28,1,233,Mykolenko,EVE,DEF,45,0,0,1.6,0,0,0,0
2026-07-28T03:50:13+00:00,2026-07-28,1,234,Patterson,EVE,DEF,45,0,0,0.1,0,0,0,0
2026-07-28T03:50:13+00:00,2026-07-28,1,235,Aznou,EVE,DEF,40,0,0,0.2,0,0,0,0
2026-07-28T03:50:13+00:00,2026-07-28,1,236,Dewsbury-Hall,EVE,MID,65,0,0,4.2,0,0,0,0
2026-07-28T03:50:13+00:00,2026-07-28,1,237,Ndiaye,EVE,MID,60,0,0,20.8,0,0,0,0
2026-07-28T03:50:13+00:00,2026-07-28,1,239,Garner,EVE,MID,60,0,0,1.7,0,0,0,0
2026-07-28T03:50:13+00:00,2026-07-28,1,240,Iroegbunam,EVE,MID,50,0,0,0.1,0,0,0,0
2026-07-28T03:50:13+00:00,2026-07-28,1,241,McNeil,EVE,MID,55,0,0,0.1,0,0,0,0
2026-07-28T03:50:13+00:00,2026-07-28,1,242,George,EVE,MID,55,0,0,0.1,0,0,0,0
2026-07-28T03:50:13+00:00,2026-07-28,1,243,Alcaraz,EVE,MID,50,0,0,0.1,0,0,0,0
2026-07-28T03:50:13+00:00,2026-07-28,1,244,Armstrong,EVE,MID,50,0,0,0.1,0,0,0,0
2026-07-28T03:50:13+00:00,2026-07-28,1,245,Dibling,EVE,MID,55,0,0,0.1,0,0,0,0
2026-07-28T03:50:13+00:00,2026-07-28,1,246,Röhl,EVE,MID,50,0,0,0.1,0,0,0,0
2026-07-28T03:50:13+00:00,2026-07-28,1,247,Hackney,EVE,MID,55,0,0,0.3,0,0,0,0
2026-07-28T03:50:13+00:00,2026-07-28,1,248,Beto,EVE,FWD,55,0,0,3.4,0,0,0,0
2026-07-28T03:50:13+00:00,2026-07-28,1,249,Barry,EVE,FWD,55,0,0,1.0,0,0,0,0
2026-07-28T03:50:13+00:00,2026-07-28,1,250,Leno,FUL,GKP,45,0,0,3.2,0,0,0,0
2026-07-28T03:50:13+00:00,2026-07-28,1,251,Lecomte,FUL,GKP,40,0,0,1.5,0,0,0,0
2026-07-28T03:50:13+00:00,2026-07-28,1,252,McNally,FUL,GKP,40,0,0,0.1,0,0,0,0
2026-07-28T03:50:13+00:00,2026-07-28,1,253,Andersen,FUL,DEF,50,0,0,0.1,0,0,0,0
2026-07-28T03:50:13+00:00,2026-07-28,1,254,Robinson,FUL,DEF,45,0,0,3.5,0,0,0,0
2026-07-28T03:50:13+00:00,2026-07-28,1,255,J.Cuenca,FUL,DEF,45,0,0,0.0,0,0,0,0
2026-07-28T03:50:13+00:00,2026-07-28,1,256,Tete,FUL,DEF,45,0,0,0.2,0,0,0,0
2026-07-28T03:50:13+00:00,2026-07-28,1,257,Bassey,FUL,DEF,45,0,0,0.5,0,0,0,0
2026-07-28T03:50:13+00:00,2026-07-28,1,258,Castagne,FUL,DEF,45,0,0,0.2,0,0,0,0
2026-07-28T03:50:13+00:00,2026-07-28,1,261,Iwobi,FUL,MID,55,0,0,0.9,0,0,0,0
2026-07-28T03:50:13+00:00,2026-07-28,1,262,Smith Rowe,FUL,MID,55,0,0,0.4,0,0,0,0
2026-07-28T03:50:13+00:00,2026-07-28,1,263,Kevin,FUL,MID,55,0,0,0.1,0,0,0,0
2026-07-28T03:50:13+00:00,2026-07-28,1,264,Bobb,FUL,MID,55,0,0,0.5,0,0,0,0
2026-07-28T03:50:13+00:00,2026-07-28,1,265,Berge,FUL,MID,50,0,0,0.4,0,0,0,0
2026-07-28T03:50:13+00:00,2026-07-28,1,266,Cairney,FUL,MID,50,0,0,0.0,0,0,0,0
2026-07-28T03:50:13+00:00,2026-07-28,1,267,Lukić,FUL,MID,50,0,0,0.1,0,0,0,0
2026-07-28T03:50:13+00:00,2026-07-28,1,268,King,FUL,MID,55,0,0,0.1,0,0,0,0
2026-07-28T03:50:13+00:00,2026-07-28,1,269,Sessegnon,FUL,DEF,45,0,0,0.4,0,0,0,0
2026-07-28T03:50:13+00:00,2026-07-28,1,270,Reed,FUL,MID,45,0,0,1.1,0,0,0,0
2026-07-28T03:50:13+00:00,2026-07-28,1,271,Muniz,FUL,FWD,55,0,0,0.8,0,0,0,0
2026-07-28T03:50:13+00:00,2026-07-28,1,272,Kusi-Asare,FUL,FWD,45,0,0,8.6,0,0,0,0
2026-07-28T03:50:13+00:00,2026-07-28,1,273,Phillips,HUL,GKP,40,0,0,2.4,0,0,0,0
2026-07-28T03:50:13+00:00,2026-07-28,1,274,Butland,HUL,GKP,45,0,0,1.1,0,0,0,0
2026-07-28T03:50:13+00:00,2026-07-28,1,275,Cartwright,HUL,GKP,40,0,0,0.3,0,0,0,0
2026-07-28T03:50:13+00:00,2026-07-28,1,276,Lo-Tutala,HUL,GKP,40,0,0,0.2,0,0,0,0
2026-07-28T03:50:13+00:00,2026-07-28,1,277,Egan,HUL,DEF,40,0,0,0.8,0,0,0,0
2026-07-28T03:50:13+00:00,2026-07-28,1,278,Hughes,HUL,DEF,40,0,0,2.2,0,0,0,0
2026-07-28T03:50:13+00:00,2026-07-28,1,279,Ajayi,HUL,DEF,40,0,0,0.6,0,0,0,0
2026-07-28T03:50:13+00:00,2026-07-28,1,280,Coyle,HUL,DEF,40,0,0,0.4,0,0,0,0
2026-07-28T03:50:13+00:00,2026-07-28,1,281,Drameh,HUL,DEF,40,0,0,0.1,0,0,0,0
2026-07-28T03:50:13+00:00,2026-07-28,1,282,Giles,HUL,DEF,40,0,0,0.6,0,0,0,0
2026-07-28T03:50:13+00:00,2026-07-28,1,283,Jacob,HUL,DEF,40,0,0,0.1,0,0,0,0
2026-07-28T03:50:13+00:00,2026-07-28,1,284,McCarthy,HUL,DEF,40,0,0,0.1,0,0,0,0
2026-07-28T03:50:13+00:00,2026-07-28,1,285,McNair,HUL,DEF,40,0,0,0.2,0,0,0,0
2026-07-28T03:50:13+00:00,2026-07-28,1,286,Belloumi,HUL,MID,50,0,0,0.6,0,0,0,0
2026-07-28T03:50:13+00:00,2026-07-28,1,287,Millar,HUL,MID,50,0,0,0.1,0,0,0,0
2026-07-28T03:50:13+00:00,2026-07-28,1,288,Dowell,HUL,MID,45,0,0,0.6,0,0,0,0
2026-07-28T03:50:13+00:00,2026-07-28,1,289,Crooks,HUL,MID,45,0,0,0.7,0,0,0,0
2026-07-28T03:50:13+00:00,2026-07-28,1,290,Slater,HUL,MID,45,0,0,1.2,0,0,0,0
2026-07-28T03:50:13+00:00,2026-07-28,1,291,Matazo,HUL,MID,45,0,0,0.0,0,0,0,0
2026-07-28T03:50:13+00:00,2026-07-28,1,292,Ömür,HUL,MID,50,0,0,0.0,0,0,0,0
2026-07-28T03:50:13+00:00,2026-07-28,1,293,Kamara,HUL,MID,50,0,0,0.1,0,0,0,0
2026-07-28T03:50:13+00:00,2026-07-28,1,294,Zambrano,HUL,MID,45,0,0,0.6,0,0,0,0
2026-07-28T03:50:13+00:00,2026-07-28,1,295,McBurnie,HUL,FWD,55,0,0,2.2,0,0,0,0
2026-07-28T03:50:13+00:00,2026-07-28,1,296,Akintola,HUL,MID,50,0,0,0.1,0,0,0,0
2026-07-28T03:50:13+00:00,2026-07-28,1,297,Gyabi,HUL,MID,45,0,0,0.2,0,0,0,0
2026-07-28T03:50:13+00:00,2026-07-28,1,298,Destan,HUL,FWD,45,0,0,2.7,0,0,0,0
2026-07-28T03:50:13+00:00,2026-07-28,1,299,Burstow,HUL,FWD,45,0,0,1.1,0,0,0,0
2026-07-28T03:50:13+00:00,2026-07-28,1,556,Targett,HUL,DEF,40,0,0,1.8,0,0,0,0
2026-07-28T03:50:13+00:00,2026-07-28,1,563,Morita,HUL,MID,50,0,0,0.0,0,0,0,0
2026-07-28T03:50:13+00:00,2026-07-28,1,259,Diop,IPS,DEF,40,0,0,21.2,0,0,0,0
2026-07-28T03:50:13+00:00,2026-07-28,1,300,Walton,IPS,GKP,45,0,0,0.7,0,0,0,0
2026-07-28T03:50:13+00:00,2026-07-28,1,301,Palmer,IPS,GKP,40,0,0,6.4,0,0,0,0
2026-07-28T03:50:13+00:00,2026-07-28,1,302,Button,IPS,GKP,40,0,0,0.6,0,0,0,0
2026-07-28T03:50:13+00:00,2026-07-28,1,303,Kipré,IPS,DEF,40,0,0,0.3,0,0,0,0
2026-07-28T03:50:13+00:00,2026-07-28,1,304,O'Shea,IPS,DEF,40,0,0,1.2,0,0,0,0
2026-07-28T03:50:13+00:00,2026-07-28,1,305,Davis,IPS,DEF,40,0,0,4.2,0,0,0,0
2026-07-28T03:50:13+00:00,2026-07-28,1,306,Greaves,IPS,DEF,40,0,0,0.5,0,0,0,0
2026-07-28T03:50:13+00:00,2026-07-28,1,307,Johnson,IPS,DEF,40,0,0,0.1,0,0,0,0
2026-07-28T03:50:13+00:00,2026-07-28,1,308,Furlong,IPS,DEF,40,0,0,0.3,0,0,0,0
2026-07-28T03:50:13+00:00,2026-07-28,1,309,Núñez,IPS,MID,50,0,0,0.2,0,0,0,0
2026-07-28T03:50:13+00:00,2026-07-28,1,310,Matusiwa,IPS,MID,50,0,0,0.1,0,0,0,0
2026-07-28T03:50:13+00:00,2026-07-28,1,311,Burns,IPS,MID,50,0,0,0.1,0,0,0,0
2026-07-28T03:50:13+00:00,2026-07-28,1,312,Taylor,IPS,MID,45,0,0,0.5,0,0,0,0
2026-07-28T03:50:13+00:00,2026-07-28,1,313,Clarke,IPS,MID,55,0,0,0.3,0,0,0,0
2026-07-28T03:50:13+00:00,2026-07-28,1,314,Ogbene,IPS,MID,50,0,0,0.0,0,0,0,0
2026-07-28T03:50:13+00:00,2026-07-28,1,315,Fatawu,IPS,MID,55,0,0,0.3,0,0,0,0
2026-07-28T03:50:13+00:00,2026-07-28,1,316,Emersonn,IPS,FWD,55,0,0,0.4,0,0,0,0
2026-07-28T03:50:13+00:00,2026-07-28,1,317,Hirst,IPS,FWD,50,0,0,0.5,0,0,0,0
2026-07-28T03:50:13+00:00,2026-07-28,1,318,Philogene,IPS,MID,55,0,0,0.2,0,0,0,0
2026-07-28T03:50:13+00:00,2026-07-28,1,319,Szmodics,IPS,MID,50,0,0,0.1,0,0,0,0
2026-07-28T03:50:13+00:00,2026-07-28,1,320,Akpom,IPS,FWD,50,0,0,0.5,0,0,0,0
2026-07-28T03:50:13+00:00,2026-07-28,1,321,Walle Egeli,IPS,FWD,45,0,0,2.4,0,0,0,0
2026-07-28T03:50:13+00:00,2026-07-28,1,322,Al-Hamadi,IPS,FWD,50,0,0,0.2,0,0,0,0
2026-07-28T03:50:13+00:00,2026-07-28,1,323,McAteer,IPS,MID,45,0,0,2.0,0,0,0,0
2026-07-28T03:50:13+00:00,2026-07-28,1,324,Mehmeti,IPS,MID,50,0,0,0.1,0,0,0,0
2026-07-28T03:50:13+00:00,2026-07-28,1,554,Van Oevelen,IPS,GKP,45,0,0,0.2,0,0,0,0
2026-07-28T03:50:13+00:00,2026-07-28,1,562,Maeda,IPS,MID,55,0,0,0.2,0,0,0,0
2026-07-28T03:50:13+00:00,2026-07-28,1,260,Wilson,LEE,MID,65,0,0,9.1,0,0,0,0
2026-07-28T03:50:13+00:00,2026-07-28,1,326,Perri,LEE,GKP,45,0,0,0.8,0,0,0,0
2026-07-28T03:50:13+00:00,2026-07-28,1,327,Bijol,LEE,DEF,50,0,0,0.4,0,0,0,0
2026-07-28T03:50:13+00:00,2026-07-28,1,329,Rodon,LEE,DEF,45,0,0,2.2,0,0,0,0
2026-07-28T03:50:13+00:00,2026-07-28,1,330,Bogle,LEE,DEF,45,0,0,0.4,0,0,0,0
2026-07-28T03:50:13+00:00,2026-07-28,1,331,Gudmundsson,LEE,DEF,45,0,0,0.6,0,0,0,0
2026-07-28T03:50:13+00:00,2026-07-28,1,332,Justin,LEE,DEF,45,0,0,0.5,0,0,0,0
2026-07-28T03:50:13+00:00,2026-07-28,1,333,Bornauw,LEE,DEF,45,0,0,0.0,0,0,0,0
2026-07-28T03:50:13+00:00,2026-07-28,1,334,Muharemović,LEE,DEF,50,0,0,0.6,0,0,0,0
2026-07-28T03:50:13+00:00,2026-07-28,1,335,Stach,LEE,MID,60,0,0,1.5,0,0,0,0
2026-07-28T03:50:13+00:00,2026-07-28,1,336,Okafor,LEE,MID,60,0,0,0.9,0,0,0,0
2026-07-28T03:50:13+00:00,2026-07-28,1,337,Aaronson,LEE,MID,55,0,0,0.6,0,0,0,0
2026-07-28T03:50:13+00:00,2026-07-28,1,338,Ampadu,LEE,MID,55,0,0,1.3,0,0,0,0
2026-07-28T03:50:13+00:00,2026-07-28,1,339,Longstaff,LEE,MID,50,0,0,0.2,0,0,0,0
2026-07-28T03:50:13+00:00,2026-07-28,1,340,Gelhardt,LEE,MID,50,0,0,0.1,0,0,0,0
2026-07-28T03:50:13+00:00,2026-07-28,1,341,Gnonto,LEE,MID,50,0,0,0.1,0,0,0,0
2026-07-28T03:50:13+00:00,2026-07-28,1,342,Harrison,LEE,MID,50,0,0,0.1,0,0,0,0
2026-07-28T03:50:13+00:00,2026-07-28,1,343,James,LEE,MID,50,0,0,0.1,0,0,0,0
2026-07-28T03:50:13+00:00,2026-07-28,1,344,Gruev,LEE,MID,50,0,0,0.0,0,0,0,0
2026-07-28T03:50:13+00:00,2026-07-28,1,345,Tanaka,LEE,MID,50,0,0,0.3,0,0,0,0
2026-07-28T03:50:13+00:00,2026-07-28,1,346,Calvert-Lewin,LEE,FWD,60,0,0,17.7,0,0,0,0
2026-07-28T03:50:13+00:00,2026-07-28,1,347,Nmecha,LEE,FWD,55,0,0,0.6,0,0,0,0
2026-07-28T03:50:13+00:00,2026-07-28,1,348,Piroe,LEE,FWD,50,0,0,0.5,0,0,0,0
2026-07-28T03:50:13+00:00,2026-07-28,1,349,Mateo Joseph,LEE,FWD,45,0,0,0.6,0,0,0,0
2026-07-28T03:50:13+00:00,2026-07-28,1,350,A.Becker,LIV,GKP,55,0,0,4.2,0,0,0,0
2026-07-28T03:50:13+00:00,2026-07-28,1,351,Mamardashvili,LIV,GKP,50,0,0,0.2,0,0,0,0
2026-07-28T03:50:13+00:00,2026-07-28,1,352,Woodman,LIV,GKP,40,0,0,1.3,0,0,0,0
2026-07-28T03:50:13+00:00,2026-07-28,1,353,Pecsi,LIV,GKP,40,0,0,0.1,0,0,0,0
2026-07-28T03:50:13+00:00,2026-07-28,1,354,Jaros,LIV,GKP,40,0,0,0.1,0,0,0,0
2026-07-28T03:50:13+00:00,2026-07-28,1,355,Davies,LIV,GKP,40,0,0,0.1,0,0,0,0
2026-07-28T03:50:13+00:00,2026-07-28,1,356,Virgil,LIV,DEF,65,0,0,15.6,0,0,0,0
2026-07-28T03:50:13+00:00,2026-07-28,1,357,Frimpong,LIV,DEF,55,0,0,3.0,0,0,0,0
2026-07-28T03:50:13+00:00,2026-07-28,1,358,Kerkez,LIV,DEF,55,0,0,6.3,0,0,0,0
2026-07-28T03:50:13+00:00,2026-07-28,1,359,Gomez,LIV,DEF,50,0,0,0.2,0,0,0,0
2026-07-28T03:50:13+00:00,2026-07-28,1,360,Bradley,LIV,DEF,50,0,0,0.0,0,0,0,0
2026-07-28T03:50:13+00:00,2026-07-28,1,361,Lucky,LIV,DEF,40,0,0,0.1,0,0,0,0
2026-07-28T03:50:13+00:00,2026-07-28,1,362,Jacquet,LIV,DEF,50,0,0,2.4,0,0,0,0
2026-07-28T03:50:13+00:00,2026-07-28,1,363,Leoni,LIV,DEF,40,0,0,0.1,0,0,0,0
2026-07-28T03:50:13+00:00,2026-07-28,1,364,Tsimikas,LIV,DEF,50,0,0,0.1,0,0,0,0
2026-07-28T03:50:13+00:00,2026-07-28,1,365,Ramsay,LIV,DEF,40,0,0,0.2,0,0,0,0
2026-07-28T03:50:13+00:00,2026-07-28,1,366,Wirtz,LIV,MID,75,0,0,10.9,0,0,0,0
2026-07-28T03:50:13+00:00,2026-07-28,1,367,Gakpo,LIV,MID,70,0,0,3.4,0,0,0,0
2026-07-28T03:50:13+00:00,2026-07-28,1,368,Szoboszlai,LIV,MID,70,0,0,46.4,0,0,0,0
2026-07-28T03:50:13+00:00,2026-07-28,1,369,Ngumoha,LIV,MID,60,0,0,1.6,0,0,0,0
2026-07-28T03:50:13+00:00,2026-07-28,1,370,Chiesa,LIV,MID,55,0,0,0.2,0,0,0,0
2026-07-28T03:50:13+00:00,2026-07-28,1,371,Gravenberch,LIV,MID,60,0,0,1.8,0,0,0,0
2026-07-28T03:50:13+00:00,2026-07-28,1,372,Mac Allister,LIV,MID,55,0,0,1.9,0,0,0,0
2026-07-28T03:50:13+00:00,2026-07-28,1,373,C.Jones,LIV,MID,55,0,0,0.1,0,0,0,0
2026-07-28T03:50:13+00:00,2026-07-28,1,374,Endo,LIV,MID,50,0,0,0.0,0,0,0,0
2026-07-28T03:50:13+00:00,2026-07-28,1,375,Nyoni,LIV,MID,50,0,0,0.0,0,0,0,0
2026-07-28T03:50:13+00:00,2026-07-28,1,376,Bajcetic,LIV,MID,50,0,0,0.0,0,0,0,0
2026-07-28T03:50:13+00:00,2026-07-28,1,377,Munoz,LIV,MID,65,0,0,0.8,0,0,0,0
2026-07-28T03:50:13+00:00,2026-07-28,1,378,McConnell,LIV,MID,45,0,0,0.2,0,0,0,0
2026-07-28T03:50:13+00:00,2026-07-28,1,379,Isak,LIV,FWD,90,0,0,11.8,0,0,0,0
2026-07-28T03:50:13+00:00,2026-07-28,1,380,Ekitiké,LIV,FWD,75,0,0,0.2,0,0,0,0
2026-07-28T03:50:13+00:00,2026-07-28,1,381,Koumas,LIV,MID,50,0,0,0.0,0,0,0,0
2026-07-28T03:50:13+00:00,2026-07-28,1,382,Danns,LIV,FWD,45,0,0,0.1,0,0,0,0
2026-07-28T03:50:13+00:00,2026-07-28,1,383,Elliott,LIV,MID,55,0,0,0.1,0,0,0,0
2026-07-28T03:50:13+00:00,2026-07-28,1,238,Grealish,MCI,MID,65,0,0,0.3,0,0,0,0
2026-07-28T03:50:13+00:00,2026-07-28,1,384,Donnarumma,MCI,GKP,55,0,0,11.2,0,0,0,0
2026-07-28T03:50:13+00:00,2026-07-28,1,385,Trafford,MCI,GKP,50,0,0,1.1,0,0,0,0
2026-07-28T03:50:13+00:00,2026-07-28,1,386,Bettinelli,MCI,GKP,45,0,0,0.0,0,0,0,0
2026-07-28T03:50:13+00:00,2026-07-28,1,387,O'Reilly,MCI,DEF,65,0,0,24.1,0,0,0,0
2026-07-28T03:50:13+00:00,2026-07-28,1,388,Guéhi,MCI,DEF,60,0,0,24.8,0,0,0,0
2026-07-28T03:50:13+00:00,2026-07-28,1,389,Matheus N.,MCI,DEF,60,0,0,5.6,0,0,0,0
2026-07-28T03:50:13+00:00,2026-07-28,1,390,Rúben,MCI,DEF,55,0,0,1.4,0,0,0,0
2026-07-28T03:50:13+00:00,2026-07-28,1,391,Gvardiol,MCI,DEF,55,0,0,6.5,0,0,0,0
2026-07-28T03:50:13+00:00,2026-07-28,1,392,Aït-Nouri,MCI,DEF,55,0,0,1.0,0,0,0,0
2026-07-28T03:50:13+00:00,2026-07-28,1,393,Khusanov,MCI,DEF,55,0,0,2.0,0,0,0,0
2026-07-28T03:50:13+00:00,2026-07-28,1,394,Alleyne,MCI,DEF,50,0,0,0.0,0,0,0,0
2026-07-28T03:50:13+00:00,2026-07-28,1,395,Lewis,MCI,DEF,45,0,0,0.2,0,0,0,0
2026-07-28T03:50:13+00:00,2026-07-28,1,396,Vitor Reis,MCI,DEF,45,0,0,0.0,0,0,0,0
2026-07-28T03:50:13+00:00,2026-07-28,1,397,Semenyo,MCI,MID,85,0,0,20.4,0,0,0,0
2026-07-28T03:50:13+00:00,2026-07-28,1,398,Foden,MCI,MID,70,0,0,5.4,0,0,0,0
2026-07-28T03:50:13+00:00,2026-07-28,1,399,Cherki,MCI,MID,75,0,0,9.8,0,0,0,0
2026-07-28T03:50:13+00:00,2026-07-28,1,400,Doku,MCI,MID,75,0,0,6.6,0,0,0,0
2026-07-28T03:50:13+00:00,2026-07-28,1,401,Marmoush,MCI,FWD,70,0,0,0.6,0,0,0,0
2026-07-28T03:50:13+00:00,2026-07-28,1,402,Rodrigo,MCI,MID,65,0,0,0.1,0,0,0,0
2026-07-28T03:50:13+00:00,2026-07-28,1,403,Savinho,MCI,MID,65,0,0,0.1,0,0,0,0
2026-07-28T03:50:13+00:00,2026-07-28,1,404,Reijnders,MCI,MID,60,0,0,0.3,0,0,0,0
2026-07-28T03:50:13+00:00,2026-07-28,1,405,N.Gonzalez,MCI,MID,55,0,0,0.1,0,0,0,0
2026-07-28T03:50:13+00:00,2026-07-28,1,406,Kovačić,MCI,MID,55,0,0,0.1,0,0,0,0
2026-07-28T03:50:13+00:00,2026-07-28,1,407,Echeverri,MCI,MID,50,0,0,0.0,0,0,0,0
2026-07-28T03:50:13+00:00,2026-07-28,1,408,Phillips,MCI,MID,50,0,0,0.0,0,0,0,0
2026-07-28T03:50:13+00:00,2026-07-28,1,409,Mukasa,MCI,MID,45,0,0,0.1,0,0,0,0
2026-07-28T03:50:13+00:00,2026-07-28,1,410,Monga,MCI,MID,50,0,0,0.0,0,0,0,0
2026-07-28T03:50:13+00:00,2026-07-28,1,411,Haaland,MCI,FWD,155,0,0,75.1,0,0,0,0
2026-07-28T03:50:13+00:00,2026-07-28,1,481,Anderson,MCI,MID,65,0,0,12.1,0,0,0,0
2026-07-28T03:50:13+00:00,2026-07-28,1,43,Tielemans,MUN,MID,60,0,0,1.0,0,0,0,0
2026-07-28T03:50:13+00:00,2026-07-28,1,162,Andrey Santos,MUN,MID,50,0,0,1.5,0,0,0,0
2026-07-28T03:50:13+00:00,2026-07-28,1,325,Darlow,MUN,GKP,45,0,0,0.1,0,0,0,0
2026-07-28T03:50:13+00:00,2026-07-28,1,412,Lammens,MUN,GKP,50,0,0,20.0,0,0,0,0
2026-07-28T03:50:13+00:00,2026-07-28,1,413,Bayindir,MUN,GKP,45,0,0,0.2,0,0,0,0
2026-07-28T03:50:13+00:00,2026-07-28,1,414,Heaton,MUN,GKP,40,0,0,0.3,0,0,0,0
2026-07-28T03:50:13+00:00,2026-07-28,1,415,Dorgu,MUN,MID,60,0,0,2.0,0,0,0,0
2026-07-28T03:50:13+00:00,2026-07-28,1,416,De Ligt,MUN,DEF,50,0,0,0.0,0,0,0,0
2026-07-28T03:50:13+00:00,2026-07-28,1,417,Dalot,MUN,DEF,50,0,0,3.3,0,0,0,0
2026-07-28T03:50:13+00:00,2026-07-28,1,418,Maguire,MUN,DEF,50,0,0,6.9,0,0,0,0
2026-07-28T03:50:13+00:00,2026-07-28,1,419,Martinez,MUN,DEF,50,0,0,1.2,0,0,0,0
2026-07-28T03:50:13+00:00,2026-07-28,1,420,Yoro,MUN,DEF,50,0,0,0.6,0,0,0,0
2026-07-28T03:50:13+00:00,2026-07-28,1,421,Heaven,MUN,DEF,45,0,0,0.4,0,0,0,0
2026-07-28T03:50:13+00:00,2026-07-28,1,422,Mazraoui,MUN,DEF,45,0,0,0.8,0,0,0,0
2026-07-28T03:50:13+00:00,2026-07-28,1,423,Shaw,MUN,DEF,45,0,0,21.9,0,0,0,0
2026-07-28T03:50:13+00:00,2026-07-28,1,424,Amass,MUN,DEF,40,0,0,0.2,0,0,0,0
2026-07-28T03:50:13+00:00,2026-07-28,1,425,Fredricson,MUN,DEF,40,0,0,0.1,0,0,0,0
2026-07-28T03:50:13+00:00,2026-07-28,1,426,B.Fernandes,MUN,MID,120,0,0,48.7,0,0,0,0
2026-07-28T03:50:13+00:00,2026-07-28,1,427,Mbeumo,MUN,MID,80,0,0,13.4,0,0,0,0
2026-07-28T03:50:13+00:00,2026-07-28,1,428,Cunha,MUN,MID,80,0,0,15.2,0,0,0,0
2026-07-28T03:50:13+00:00,2026-07-28,1,429,Rashford,MUN,MID,70,0,0,1.5,0,0,0,0
2026-07-28T03:50:13+00:00,2026-07-28,1,430,Mount,MUN,MID,55,0,0,0.1,0,0,0,0
2026-07-28T03:50:13+00:00,2026-07-28,1,431,Amad,MUN,MID,60,0,0,1.5,0,0,0,0
2026-07-28T03:50:13+00:00,2026-07-28,1,432,Mainoo,MUN,MID,55,0,0,1.3,0,0,0,0
2026-07-28T03:50:13+00:00,2026-07-28,1,433,Ugarte,MUN,MID,50,0,0,0.0,0,0,0,0
2026-07-28T03:50:13+00:00,2026-07-28,1,434,J.Fletcher,MUN,MID,50,0,0,0.0,0,0,0,0
2026-07-28T03:50:13+00:00,2026-07-28,1,435,Lacey,MUN,MID,50,0,0,0.1,0,0,0,0
2026-07-28T03:50:13+00:00,2026-07-28,1,436,Collyer,MUN,MID,50,0,0,0.0,0,0,0,0
2026-07-28T03:50:13+00:00,2026-07-28,1,437,Bendito Mantato,MUN,MID,45,0,0,0.2,0,0,0,0
2026-07-28T03:50:13+00:00,2026-07-28,1,438,Fletcher,MUN,MID,45,0,0,0.3,0,0,0,0
2026-07-28T03:50:13+00:00,2026-07-28,1,439,Šeško,MUN,FWD,70,0,0,3.2,0,0,0,0
2026-07-28T03:50:13+00:00,2026-07-28,1,440,Zirkzee,MUN,FWD,55,0,0,0.7,0,0,0,0
2026-07-28T03:50:13+00:00,2026-07-28,1,441,Obi,MUN,FWD,45,0,0,1.2,0,0,0,0
2026-07-28T03:50:13+00:00,2026-07-28,1,442,Pope,NEW,GKP,50,0,0,1.1,0,0,0,0
2026-07-28T03:50:13+00:00,2026-07-28,1,443,Gillespie,NEW,GKP,45,0,0,0.1,0,0,0,0
2026-07-28T03:50:13+00:00,2026-07-28,1,444,Jaouen,NEW,GKP,45,0,0,0.1,0,0,0,0
2026-07-28T03:50:13+00:00,2026-07-28,1,445,Thiaw,NEW,DEF,50,0,0,2.5,0,0,0,0
2026-07-28T03:50:13+00:00,2026-07-28,1,446,Schär,NEW,DEF,50,0,0,0.1,0,0,0,0
2026-07-28T03:50:13+00:00,2026-07-28,1,447,Botman,NEW,DEF,50,0,0,0.4,0,0,0,0
2026-07-28T03:50:13+00:00,2026-07-28,1,448,Burn,NEW,DEF,50,0,0,2.7,0,0,0,0
2026-07-28T03:50:13+00:00,2026-07-28,1,449,Hall,NEW,DEF,50,0,0,4.6,0,0,0,0
2026-07-28T03:50:13+00:00,2026-07-28,1,450,Livramento,NEW,DEF,50,0,0,0.1,0,0,0,0
2026-07-28T03:50:13+00:00,2026-07-28,1,451,A.Murphy,NEW,DEF,40,0,0,0.8,0,0,0,0
2026-07-28T03:50:13+00:00,2026-07-28,1,452,Bruno G.,NEW,MID,70,0,0,8.1,0,0,0,0
2026-07-28T03:50:13+00:00,2026-07-28,1,453,Barnes,NEW,MID,60,0,0,1.1,0,0,0,0
2026-07-28T03:50:13+00:00,2026-07-28,1,454,Elanga,NEW,MID,60,0,0,0.7,0,0,0,0
2026-07-28T03:50:13+00:00,2026-07-28,1,456,J.Ramsey,NEW,MID,50,0,0,0.5,0,0,0,0
2026-07-28T03:50:13+00:00,2026-07-28,1,457,J.Murphy,NEW,MID,60,0,0,0.2,0,0,0,0
2026-07-28T03:50:13+00:00,2026-07-28,1,458,Joelinton,NEW,MID,55,0,0,0.0,0,0,0,0
2026-07-28T03:50:13+00:00,2026-07-28,1,459,L.Miley,NEW,MID,55,0,0,0.0,0,0,0,0
2026-07-28T03:50:13+00:00,2026-07-28,1,460,Willock,NEW,MID,50,0,0,0.1,0,0,0,0
2026-07-28T03:50:13+00:00,2026-07-28,1,461,Touré,NEW,MID,60,0,0,0.2,0,0,0,0
2026-07-28T03:50:13+00:00,2026-07-28,1,462,Steur,NEW,MID,50,0,0,0.1,0,0,0,0
2026-07-28T03:50:13+00:00,2026-07-28,1,463,Woltemade,NEW,FWD,60,0,0,1.6,0,0,0,0
2026-07-28T03:50:13+00:00,2026-07-28,1,464,Wissa,NEW,FWD,60,0,0,1.5,0,0,0,0
2026-07-28T03:50:13+00:00,2026-07-28,1,465,Osula,NEW,FWD,60,0,0,2.4,0,0,0,0
2026-07-28T03:50:13+00:00,2026-07-28,1,466,Neave,NEW,FWD,45,0,0,0.7,0,0,0,0
2026-07-28T03:50:13+00:00,2026-07-28,1,559,Bamba,NEW,MID,50,0,0,0.0,0,0,0,0
2026-07-28T03:50:13+00:00,2026-07-28,1,467,Sels,NFO,GKP,50,0,0,1.4,0,0,0,0
2026-07-28T03:50:13+00:00,2026-07-28,1,468,John,NFO,GKP,45,0,0,0.1,0,0,0,0
2026-07-28T03:50:13+00:00,2026-07-28,1,469,N.Williams,NFO,DEF,50,0,0,12.8,0,0,0,0
2026-07-28T03:50:13+00:00,2026-07-28,1,470,Morato,NFO,DEF,50,0,0,0.1,0,0,0,0
2026-07-28T03:50:13+00:00,2026-07-28,1,471,Milenković,NFO,DEF,55,0,0,2.3,0,0,0,0
2026-07-28T03:50:13+00:00,2026-07-28,1,472,Murillo,NFO,DEF,55,0,0,0.2,0,0,0,0
2026-07-28T03:50:13+00:00,2026-07-28,1,473,Aina,NFO,DEF,45,0,0,5.0,0,0,0,0
2026-07-28T03:50:13+00:00,2026-07-28,1,474,Jair Cunha,NFO,DEF,45,0,0,0.9,0,0,0,0
2026-07-28T03:50:13+00:00,2026-07-28,1,475,Savona,NFO,DEF,45,0,0,0.0,0,0,0,0
2026-07-28T03:50:13+00:00,2026-07-28,1,476,O.Richards,NFO,DEF,40,0,0,0.2,0,0,0,0
2026-07-28T03:50:13+00:00,2026-07-28,1,477,Abbott,NFO,DEF,40,0,0,0.2,0,0,0,0
2026-07-28T03:50:13+00:00,2026-07-28,1,478,Netz,NFO,DEF,45,0,0,0.0,0,0,0,0
2026-07-28T03:50:13+00:00,2026-07-28,1,479,Bindon,NFO,DEF,40,0,0,0.2,0,0,0,0
2026-07-28T03:50:13+00:00,2026-07-28,1,480,Gibbs-White,NFO,MID,80,0,0,12.6,0,0,0,0
2026-07-28T03:50:13+00:00,2026-07-28,1,482,Hudson-Odoi,NFO,MID,60,0,0,0.0,0,0,0,0
2026-07-28T03:50:13+00:00,2026-07-28,1,483,Ndoye,NFO,MID,55,0,0,0.8,0,0,0,0
2026-07-28T03:50:13+00:00,2026-07-28,1,484,Hutchinson,NFO,MID,55,0,0,0.2,0,0,0,0
2026-07-28T03:50:13+00:00,2026-07-28,1,485,Bakwa,NFO,MID,55,0,0,0.0,0,0,0,0
2026-07-28T03:50:13+00:00,2026-07-28,1,486,McAtee,NFO,MID,55,0,0,0.1,0,0,0,0
2026-07-28T03:50:13+00:00,2026-07-28,1,487,Dominguez,NFO,MID,50,0,0,0.1,0,0,0,0
2026-07-28T03:50:13+00:00,2026-07-28,1,488,Sangaré,NFO,MID,50,0,0,0.4,0,0,0,0
2026-07-28T03:50:13+00:00,2026-07-28,1,489,Yates,NFO,MID,45,0,0,7.5,0,0,0,0
2026-07-28T03:50:13+00:00,2026-07-28,1,490,Wood,NFO,FWD,60,0,0,1.8,0,0,0,0
2026-07-28T03:50:13+00:00,2026-07-28,1,491,Igor Jesus,NFO,FWD,60,0,0,4.3,0,0,0,0
2026-07-28T03:50:13+00:00,2026-07-28,1,492,Awoniyi,NFO,FWD,55,0,0,0.4,0,0,0,0
2026-07-28T03:50:13+00:00,2026-07-28,1,493,Kalimuendo,NFO,FWD,55,0,0,0.1,0,0,0,0
2026-07-28T03:50:13+00:00,2026-07-28,1,558,Schlager,NFO,MID,50,0,0,0.1,0,0,0,0
2026-07-28T03:50:13+00:00,2026-07-28,1,112,Van Hecke,TOT,DEF,50,0,0,8.3,0,0,0,0
2026-07-28T03:50:13+00:00,2026-07-28,1,455,Tonali,TOT,MID,55,0,0,3.0,0,0,0,0
2026-07-28T03:50:13+00:00,2026-07-28,1,494,Vicario,TOT,GKP,45,0,0,1.7,0,0,0,0
2026-07-28T03:50:13+00:00,2026-07-28,1,495,Austin,TOT,GKP,40,0,0,0.6,0,0,0,0
2026-07-28T03:50:13+00:00,2026-07-28,1,496,Kinsky,TOT,GKP,45,0,0,16.8,0,0,0,0
2026-07-28T03:50:13+00:00,2026-07-28,1,497,Dubravka,TOT,GKP,40,0,0,24.7,0,0,0,0
2026-07-28T03:50:13+00:00,2026-07-28,1,498,Senesi,TOT,DEF,60,0,0,11.6,0,0,0,0
2026-07-28T03:50:13+00:00,2026-07-28,1,499,Pedro Porro,TOT,DEF,55,0,0,24.0,0,0,0,0
2026-07-28T03:50:13+00:00,2026-07-28,1,500,Romero,TOT,DEF,50,0,0,1.0,0,0,0,0
2026-07-28T03:50:13+00:00,2026-07-28,1,501,Danso,TOT,DEF,50,0,0,0.2,0,0,0,0
2026-07-28T03:50:13+00:00,2026-07-28,1,502,Robertson,TOT,DEF,45,0,0,1.7,0,0,0,0
2026-07-28T03:50:13+00:00,2026-07-28,1,503,Van de Ven,TOT,DEF,50,0,0,6.1,0,0,0,0
2026-07-28T03:50:13+00:00,2026-07-28,1,505,Spence,TOT,DEF,45,0,0,10.5,0,0,0,0
2026-07-28T03:50:13+00:00,2026-07-28,1,506,Udogie,TOT,DEF,45,0,0,0.4,0,0,0,0
2026-07-28T03:50:13+00:00,2026-07-28,1,507,Phillips,TOT,DEF,45,0,0,0.1,0,0,0,0
2026-07-28T03:50:13+00:00,2026-07-28,1,508,Davies,TOT,DEF,40,0,0,0.7,0,0,0,0
2026-07-28T03:50:13+00:00,2026-07-28,1,509,Byfield,TOT,DEF,40,0,0,0.1,0,0,0,0
2026-07-28T03:50:13+00:00,2026-07-28,1,510,Rowswell,TOT,DEF,40,0,0,0.1,0,0,0,0
2026-07-28T03:50:13+00:00,2026-07-28,1,511,Souza,TOT,DEF,40,0,0,0.3,0,0,0,0
2026-07-28T03:50:13+00:00,2026-07-28,1,512,Kudus,TOT,MID,65,0,0,0.3,0,0,0,0
2026-07-28T03:50:13+00:00,2026-07-28,1,513,Xavi,TOT,MID,60,0,0,0.0,0,0,0,0
2026-07-28T03:50:13+00:00,2026-07-28,1,514,Tel,TOT,MID,60,0,0,0.2,0,0,0,0
2026-07-28T03:50:13+00:00,2026-07-28,1,515,Maddison,TOT,MID,65,0,0,2.5,0,0,0,0
2026-07-28T03:50:13+00:00,2026-07-28,1,516,Bentancur,TOT,MID,55,0,0,0.1,0,0,0,0
2026-07-28T03:50:13+00:00,2026-07-28,1,517,Odobert,TOT,MID,55,0,0,0.0,0,0,0,0
2026-07-28T03:50:13+00:00,2026-07-28,1,518,P.M.Sarr,TOT,MID,50,0,0,0.4,0,0,0,0
2026-07-28T03:50:13+00:00,2026-07-28,1,519,Gallagher,TOT,MID,55,0,0,0.2,0,0,0,0
2026-07-28T03:50:13+00:00,2026-07-28,1,520,Bergvall,TOT,MID,55,0,0,0.2,0,0,0,0
2026-07-28T03:50:13+00:00,2026-07-28,1,521,Kulusevski,TOT,MID,65,0,0,0.0,0,0,0,0
2026-07-28T03:50:13+00:00,2026-07-28,1,522,Gray,TOT,MID,50,0,0,0.2,0,0,0,0
2026-07-28T03:50:13+00:00,2026-07-28,1,523,Moore,TOT,MID,50,0,0,0.1,0,0,0,0
2026-07-28T03:50:13+00:00,2026-07-28,1,524,Olusesi,TOT,MID,45,0,0,0.9,0,0,0,0
2026-07-28T03:50:13+00:00,2026-07-28,1,525,Fernandes,TOT,MID,60,0,0,4.6,0,0,0,0
2026-07-28T03:50:13+00:00,2026-07-28,1,526,Solanke,TOT,FWD,60,0,0,3.4,0,0,0,0
2026-07-28T03:50:13+00:00,2026-07-28,1,527,Richarlison,TOT,FWD,60,0,0,1.6,0,0,0,0
2026-07-28T03:50:13+00:00,2026-07-28,1,528,Scarlett,TOT,FWD,45,0,0,1.8,0,0,0,0
2026-07-28T03:50:13+00:00,2026-07-28,1,529,Roefs,SUN,GKP,50,0,0,5.8,0,0,0,0
2026-07-28T03:50:13+00:00,2026-07-28,1,530,Patterson,SUN,GKP,40,0,0,1.1,0,0,0,0
2026-07-28T03:50:13+00:00,2026-07-28,1,531,Ellborg,SUN,GKP,45,0,0,0.1,0,0,0,0
2026-07-28T03:50:13+00:00,2026-07-28,1,532,Ballard,SUN,DEF,50,0,0,2.7,0,0,0,0
2026-07-28T03:50:13+00:00,2026-07-28,1,533,Mukiele,SUN,DEF,55,0,0,8.1,0,0,0,0
2026-07-28T03:50:13+00:00,2026-07-28,1,534,Hume,SUN,DEF,45,0,0,1.4,0,0,0,0
2026-07-28T03:50:13+00:00,2026-07-28,1,535,Alderete,SUN,DEF,50,0,0,1.3,0,0,0,0
2026-07-28T03:50:13+00:00,2026-07-28,1,536,Reinildo,SUN,DEF,45,0,0,0.6,0,0,0,0
2026-07-28T03:50:13+00:00,2026-07-28,1,537,Seelt,SUN,DEF,45,0,0,0.0,0,0,0,0
2026-07-28T03:50:13+00:00,2026-07-28,1,538,Hjelde,SUN,DEF,40,0,0,0.4,0,0,0,0
2026-07-28T03:50:13+00:00,2026-07-28,1,539,O'Nien,SUN,DEF,40,0,0,2.3,0,0,0,0
2026-07-28T03:50:13+00:00,2026-07-28,1,540,Masuaku,SUN,DEF,40,0,0,1.5,0,0,0,0
2026-07-28T03:50:13+00:00,2026-07-28,1,541,Meunier,SUN,DEF,45,0,0,0.5,0,0,0,0
2026-07-28T03:50:13+00:00,2026-07-28,1,542,E.Le Fée,SUN,MID,60,0,0,8.2,0,0,0,0
2026-07-28T03:50:13+00:00,2026-07-28,1,543,Diarra,SUN,MID,55,0,0,0.1,0,0,0,0
2026-07-28T03:50:13+00:00,2026-07-28,1,544,Xhaka,SUN,MID,55,0,0,6.4,0,0,0,0
2026-07-28T03:50:13+00:00,2026-07-28,1,545,Sadiki,SUN,MID,50,0,0,0.5,0,0,0,0
2026-07-28T03:50:13+00:00,2026-07-28,1,546,Adingra,SUN,MID,50,0,0,0.3,0,0,0,0
2026-07-28T03:50:13+00:00,2026-07-28,1,547,Mundle,SUN,MID,50,0,0,0.0,0,0,0,0
2026-07-28T03:50:13+00:00,2026-07-28,1,548,Rigg,SUN,MID,50,0,0,0.1,0,0,0,0
2026-07-28T03:50:13+00:00,2026-07-28,1,549,Talbi,SUN,MID,55,0,0,0.2,0,0,0,0
2026-07-28T03:50:13+00:00,2026-07-28,1,550,Jocelin.T,SUN,MID,50,0,0,0.0,0,0,0,0
2026-07-28T03:50:13+00:00,2026-07-28,1,551,Angulo,SUN,MID,50,0,0,0.1,0,0,0,0
2026-07-28T03:50:13+00:00,2026-07-28,1,552,Brobbey,SUN,FWD,60,0,0,23.0,0,0,0,0
2026-07-28T03:50:13+00:00,2026-07-28,1,553,Isidor,SUN,FWD,55,0,0,1.4,0,0,0,0
